City_ID,City,Lat,Lng,Max Temp,Humidity,Cloudiness,Wind Speed,Country,Date
0,port-aux-francais,-49.35,70.2167,38.26,61,99,20.42,TF,1714867657
1,kachug,53.9606,105.8817,54.05,59,85,1.01,RU,1714867658
2,avarua,-21.2078,-159.775,84.25,79,75,8.05,CK,1714867507
3,lihue,21.9789,-159.3672,81.64,75,100,21.85,US,1714867440
4,nar'yan-mar,67.6713,53.087,7.11,100,98,4.0,RU,1714867661
5,utrik,11.2278,169.8474,81.64,74,91,15.3,MH,1714867661
6,grytviken,-54.2811,-36.5092,31.87,78,11,11.14,GS,1714867552
7,belmonte,-15.8631,-38.8828,76.86,86,10,7.49,BR,1714867663
8,puerto natales,-51.7236,-72.4875,33.93,78,70,8.57,CL,1714867664
9,yeraliyev,43.2,51.65,59.49,73,92,3.58,KZ,1714867665
10,yellowknife,62.456,-114.3525,47.41,66,0,8.05,CA,1714867577
11,longyearbyen,78.2186,15.6401,21.04,79,20,6.91,SJ,1714867586
12,tolanaro,-25.0319,46.9987,70.23,65,76,12.88,MG,1714867667
13,alaca,40.1683,34.8425,45.52,95,100,3.91,TR,1714867668
14,vila franca do campo,37.7167,-25.4333,64.89,99,83,8.72,PT,1714867669
15,invercargill,-46.4,168.35,50.02,87,57,10.0,NZ,1714867446
16,ust-nera,64.5667,143.2,34.39,81,95,3.09,RU,1714867670
17,atafu village,-8.5421,-172.5159,84.25,78,100,6.02,TK,1714867671
18,fale old settlement,-9.3852,-171.2468,84.2,74,100,5.08,TK,1714867672
19,vadso,70.0744,29.7487,31.08,86,100,14.97,NO,1714867673
20,san antonio de pale,-1.4014,5.6325,81.73,85,22,8.05,GQ,1714867674
21,adamstown,-25.066,-130.1015,69.91,64,35,19.6,PN,1714867545
22,labuan,5.2767,115.2417,82.26,76,89,8.7,MY,1714867675
23,puerto santa,-8.9906,-78.6456,67.75,86,18,8.43,PE,1714867676
24,chinsali,-10.5414,32.0816,59.09,80,98,4.34,ZM,1714867677
25,port elizabeth,-33.918,25.5701,64.09,85,55,1.99,ZA,1714867678
26,petropavlovsk-kamchatsky,53.0452,158.6483,37.99,78,75,8.01,RU,1714867679
27,hawaiian paradise park,19.5933,-154.9731,78.31,77,100,12.66,US,1714867679
28,ilulissat,69.2167,-51.1,19.42,79,100,3.44,GL,1714867680
29,nuuk,64.1835,-51.7216,25.41,58,0,26.46,GL,1714867524
30,labytnangi,66.6572,66.4183,4.37,96,93,7.25,RU,1714867682
31,happy valley-goose bay,53.3168,-60.3315,41.31,70,100,5.75,CA,1714867510
32,cartagena,10.3997,-75.5144,82.02,83,75,4.61,CO,1714867683
33,edinburgh of the seven seas,-37.0676,-12.3116,57.45,77,47,35.01,SH,1714867684
34,waitangi,-43.9535,-176.5597,53.82,85,58,8.01,NZ,1714867685
35,bethel,41.3712,-73.414,56.77,75,0,5.75,US,1714867686
36,ushuaia,-54.8,-68.3,37.06,87,100,9.22,AR,1714867474
37,ondo,7.1,4.8333,75.2,97,75,1.05,NG,1714867687
38,gasa,31.5,34.4667,66.76,70,80,6.85,PS,1714867688
39,glace bay,46.1969,-59.957,41.27,89,40,6.91,CA,1714867458
40,al kharijah,25.4514,30.5464,77.61,16,8,9.66,EG,1714867689
41,port mathurin,-19.6833,63.4167,78.12,74,16,18.05,MU,1714867690
42,lewistown,40.5992,-77.5714,53.08,96,100,4.61,US,1714867691
43,tiksi,71.6872,128.8694,25.27,91,100,5.55,RU,1714867692
44,kodiak,57.79,-152.4072,45.91,71,100,12.66,US,1714867462
45,nova sintra,14.8667,-24.7167,74.25,79,1,17.94,CV,1714867693
46,ha'il,27.5219,41.6907,69.82,32,0,2.3,SA,1714867694
47,iqaluit,63.7506,-68.5145,15.71,93,64,4.03,CA,1714867695
48,naze,28.3667,129.4833,70.88,85,100,15.5,JP,1714867696
49,anadyr,64.75,177.4833,28.9,68,0,20.0,RU,1714867697
50,stjordalshalsen,63.4681,10.9262,50.92,76,0,4.61,NO,1714867697
51,luderitz,-26.6481,15.1594,60.73,87,0,9.24,NA,1714867698
52,beawar,26.1,74.3167,77.72,37,57,12.21,IN,1714867699
53,isafjordur,66.0755,-23.124,36.34,73,43,4.92,IS,1714867700
54,stanley,54.868,-1.6985,48.72,91,40,1.14,GB,1714867521
55,afaahiti,-17.75,-149.2833,84.07,81,44,16.35,PF,1714867701
56,mata-utu,-13.2816,-176.1745,85.01,74,96,10.42,WF,1714867702
57,salinopolis,-0.6136,-47.3561,80.08,88,99,9.84,BR,1714867703
58,bredasdorp,-34.5322,20.0403,55.04,82,34,4.36,ZA,1714867704
59,alice springs,-23.7,133.8833,56.75,47,21,6.91,AU,1714867705
60,codrington,-38.2667,141.9667,58.57,78,74,5.95,AU,1714867705
61,homer,59.6425,-151.5483,48.09,60,100,11.5,US,1714867706
62,petauke,-14.2426,31.3253,64.51,66,49,8.66,ZM,1714867707
63,balkanabat,39.5108,54.3671,58.68,79,6,3.29,TM,1714867708
64,lebu,-37.6167,-73.65,50.52,84,94,9.8,CL,1714867709
65,west island,-12.1568,96.8225,82.38,78,100,17.27,CC,1714867514
66,edmundston,47.3737,-68.3251,56.53,58,100,8.05,CA,1714867710
67,georgetown,5.4112,100.3354,82.33,83,20,3.44,MY,1714867681
68,kutum,14.2,24.6667,74.57,17,18,8.48,SD,1714867713
69,geraldton,-28.7667,114.6,52.21,87,0,5.75,AU,1714867713
70,klaksvik,62.2266,-6.589,47.32,97,98,15.3,FO,1714867714
71,albany,42.6001,-73.9662,63.91,57,100,1.99,US,1714867660
72,carnarvon,-24.8667,113.6333,72.1,47,0,18.23,AU,1714867716
73,okha,53.5739,142.9478,37.26,56,37,5.99,RU,1714867716
74,bhamo,24.2667,97.2333,77.86,53,84,0.25,MM,1714867717
75,tindouf,27.6711,-8.1474,77.07,11,0,11.05,DZ,1714867718
76,labrador city,52.9463,-66.9114,36.64,97,100,7.4,CA,1714867719
77,bandarbeyla,9.4942,50.8122,81.05,85,84,15.5,SO,1714867720
78,sabang,5.8933,95.3214,84.22,74,67,1.28,ID,1714867720
79,shagonar,51.5333,92.8,51.21,55,100,2.01,RU,1714867721
80,new norfolk,-42.7826,147.0587,54.91,62,0,1.23,AU,1714867722
81,kailua-kona,19.6406,-155.9956,82.36,75,75,11.5,US,1714867723
82,tidjikja,18.5564,-11.4271,89.55,12,2,8.28,MR,1714867723
83,uturoa,-16.7333,-151.4333,82.4,70,39,16.2,PF,1714867724
84,blackmans bay,-43.0167,147.3167,53.73,75,0,1.92,AU,1714867725
85,enewetak,11.3474,162.3373,81.82,75,71,17.18,MH,1714867726
86,isiro,2.7739,27.616,65.59,99,87,2.57,CD,1714867727
87,hithadhoo,-0.6,73.0833,84.94,76,98,12.26,MV,1714867728
88,vernon,50.2581,-119.2691,70.41,29,100,5.01,CA,1714867571
89,tsiombe,-25.3,45.4833,64.0,76,0,6.91,MG,1714867729
90,saint-philippe,-21.3585,55.7679,72.99,81,96,15.57,RE,1714867730
91,north bend,43.4065,-124.2243,53.08,76,100,20.71,US,1714867731
92,chemmumiahpet,15.8979,79.3213,86.09,66,2,2.91,IN,1714867732
93,sandnessjoen,66.0217,12.6316,34.32,80,44,17.69,NO,1714867733
94,cabo san lucas,22.8909,-109.9124,85.6,41,20,4.61,MX,1714867734
95,ketchikan,55.3422,-131.6461,66.67,32,20,8.05,US,1714867735
96,ribeira grande,38.5167,-28.7,63.77,94,30,5.99,PT,1714867736
97,tura,25.5198,90.2201,71.31,77,83,5.5,IN,1714867737
98,lagunas,-5.2269,-75.6753,76.5,97,87,2.86,PE,1714867738
99,nagato,34.3833,131.2,68.2,72,91,31.0,JP,1714867738
100,wanning,18.8003,110.3967,81.37,83,65,7.92,CN,1714867739
101,bowen,-20.0167,148.2333,76.51,69,73,10.18,AU,1714867629
102,wailua homesteads,22.0669,-159.378,81.03,79,100,21.85,US,1714867741
103,loreto,22.2667,-101.9667,87.96,9,29,12.1,MX,1714867741
104,college,64.8569,-147.8028,62.92,36,20,11.5,US,1714867742
105,broome,42.2506,-75.833,58.87,70,100,13.8,US,1714867743
106,as sulayyil,20.4607,45.5779,82.65,43,16,8.5,SA,1714867744
107,bure,10.7,37.0667,63.28,25,35,3.98,ET,1714867745
108,aasiaat,68.7098,-52.8699,9.25,91,46,6.29,GL,1714867746
109,spas-klepiki,55.1347,40.1767,41.94,92,100,6.35,RU,1714867748
110,margaret river,-33.95,115.0667,60.49,77,82,9.95,AU,1714867748
111,portland,45.5234,-122.6762,51.78,93,100,9.22,US,1714867655
112,nelidovo,56.2211,32.7774,49.14,84,100,9.15,RU,1714867751
113,vorkuta,67.5,64.0,0.45,100,99,3.13,RU,1714867751
114,la passe,45.5549,-0.8967,57.43,96,87,8.3,FR,1714867752
115,oodweyne,9.4092,45.064,76.73,68,95,8.19,SO,1714867753
116,torghay,49.6339,63.4981,40.87,60,97,8.21,KZ,1714867754
117,badger,64.8,-147.5333,62.85,32,20,11.5,US,1714867756
118,hermanus,-34.4187,19.2345,57.63,82,10,6.46,ZA,1714867757
119,baxter,46.3433,-94.2867,61.09,44,40,6.91,US,1714867758
120,aioun,16.6614,-9.6149,92.26,10,0,10.96,MR,1714867759
121,turan,16.0678,108.2208,78.78,89,100,3.44,VN,1714867760
122,thompson,55.7435,-97.8558,36.37,98,100,7.78,CA,1714867761
123,oskarshamn,57.2645,16.4484,51.12,95,100,3.22,SE,1714867762
124,laojunmiao,39.8333,97.7333,57.38,17,51,3.91,CN,1714867637
125,piacabucu,-10.4056,-36.4344,78.96,87,74,7.61,BR,1714867764
126,bilibino,68.0546,166.4372,30.88,68,16,3.2,RU,1714867765
127,pisco,-13.7,-76.2167,68.05,88,0,3.44,PE,1714867766
128,bafia,4.75,11.2333,72.1,95,90,1.05,CM,1714867768
129,thurso,58.5927,-3.5259,48.45,89,78,6.06,GB,1714867770
130,iskateley,67.6803,53.1512,7.02,100,99,4.0,RU,1714867771
131,norilsk,69.3535,88.2027,1.42,95,58,5.59,RU,1714867772
132,qaqortoq,60.7167,-46.0333,30.7,63,0,1.14,GL,1714867773
133,santa marta de ortigueira,43.6833,-7.85,61.11,76,89,4.0,ES,1714867774
134,bekalta,35.6174,10.9947,62.62,58,7,0.07,TN,1714867774
135,safaga,26.7292,33.9365,79.57,33,4,8.12,EG,1714867775
136,bambari,5.768,20.6757,75.81,78,59,2.53,CF,1714867776
137,puerto ayora,-0.7393,-90.3518,75.54,96,85,8.01,EC,1714867777
138,tangalle,6.024,80.7911,80.01,91,85,7.25,LK,1714867778
139,illizi,26.4833,8.4667,79.84,18,36,4.83,DZ,1714867779
140,acapulco de juarez,16.8634,-99.8901,84.02,70,0,11.5,MX,1714867780
141,mejit,10.2753,170.8646,81.61,80,100,17.47,MH,1714867781
142,tacna,-18.0056,-70.2483,59.2,88,100,8.05,PE,1714867507
143,yuzhno-kurilsk,44.0306,145.8556,37.38,90,100,8.88,RU,1714867782
144,salinas,36.6777,-121.6555,54.28,86,75,10.36,US,1714867704
145,thunder bay,48.4001,-89.3168,46.31,100,100,3.44,CA,1714867784
146,new plymouth,-39.0667,174.0833,61.81,76,15,6.15,NZ,1714867785
147,jean-rabel,19.8533,-73.1917,78.67,84,20,14.36,HT,1714867785
148,wahpeton,46.2652,-96.6059,60.93,44,75,11.5,US,1714867786
149,verkhovazh'ye,60.7472,42.0465,36.14,70,100,3.67,RU,1714867787
150,weno,7.4515,151.8468,83.7,77,72,14.63,FM,1714867788
151,tadine,-21.55,167.8833,76.48,53,92,12.01,NC,1714867789
152,igrim,63.1906,64.4162,18.57,85,43,12.28,RU,1714867789
153,east london,-33.0153,27.9116,69.26,78,87,11.54,ZA,1714867790
154,ndelele,4.0333,14.9333,73.49,75,76,1.92,CM,1714867791
155,bubaque,11.2833,-15.8333,79.5,75,7,17.2,GW,1714867792
156,raseiniai,55.3736,23.1217,52.38,80,93,5.53,LT,1714867793
157,san jose,37.3394,-121.895,57.31,75,75,12.66,US,1714867743
158,grou,53.1,5.8333,53.62,83,75,7.0,NL,1714867794
159,antsiranana,-12.2787,49.2917,77.54,75,56,16.89,MG,1714867795
160,caluula,11.9661,50.7569,86.85,71,33,4.63,SO,1714867796
161,shakawe,-18.3667,21.85,57.16,33,0,3.58,BW,1714867797
162,wynyard,-41.0,145.7167,58.46,54,2,2.39,AU,1714867797
163,ouro preto do oeste,-10.7481,-62.2158,75.67,91,60,3.4,BR,1714867738
164,quellon,-43.1167,-73.6167,42.31,85,100,6.42,CL,1714867799
165,hatta,24.1167,79.6,86.36,12,90,1.39,IN,1714867800
166,bairnsdale,-37.8333,147.6167,57.06,95,47,0.34,AU,1714867800
167,st. john's,47.5649,-52.7093,36.97,94,100,17.0,CA,1714867639
168,guerrero negro,27.9769,-114.0611,65.32,68,2,21.77,MX,1714867719
169,nemuro,43.3236,145.575,42.28,85,100,10.4,JP,1714867803
170,vilyuchinsk,52.9306,158.4028,39.47,96,100,3.58,RU,1714867803
171,san salvador,13.6894,-89.1872,79.88,99,18,4.97,SV,1714867804
172,chibougamau,49.9168,-74.3659,52.27,82,87,7.27,CA,1714867805
173,ciudad bolivar,8.1222,-63.5497,92.35,42,90,13.15,VE,1714867806
174,princeville,45.7668,-61.2985,45.54,87,100,5.75,CA,1714867807
175,minas de marcona,-15.2119,-75.1103,60.15,88,23,12.5,PE,1714867808
176,gurupi,-11.7292,-49.0686,80.15,52,6,3.33,BR,1714867808
177,papatowai,-46.5619,169.4708,51.85,69,68,11.36,NZ,1714867809
178,sinabang,2.4803,96.3801,80.44,85,100,3.74,ID,1714867810
179,cold lake,54.4502,-110.2017,51.75,40,40,0.0,CA,1714867512
180,calingasta,-31.3308,-69.4078,63.16,15,2,4.12,AR,1714867811
181,ust'-kut,56.7938,105.7672,48.43,80,33,1.99,RU,1714867812
182,inhambane,-23.865,35.3833,70.34,73,44,4.29,MZ,1714867813
183,hammerfest,70.6634,23.6821,32.45,64,100,11.5,NO,1714867814
184,balykshi,47.0667,51.8667,41.0,52,0,11.18,KZ,1714867815
185,pasighat,28.0667,95.3333,68.92,84,96,6.64,IN,1714867815
186,neiafu,-18.65,-173.9833,82.27,79,97,12.21,TO,1714867816
187,magadan,59.5667,150.8,37.53,86,90,2.86,RU,1714867817
188,lompoc,34.6391,-120.4579,64.78,60,100,12.66,US,1714867818
189,port alfred,-33.5906,26.891,63.18,88,92,13.94,ZA,1714867819
190,saldanha,-33.0117,17.9442,57.11,93,4,9.04,ZA,1714867820
191,yambio,4.5721,28.3955,68.13,96,74,8.08,SS,1714867821
192,ta`u,-14.2336,-169.5144,83.34,79,100,19.73,AS,1714867821
193,aquin,18.2833,-73.4,77.94,81,7,3.4,HT,1714867822
194,san patricio,28.017,-97.5169,83.12,75,70,14.74,US,1714867823
195,sungai penuh,-2.0833,101.3833,68.07,92,89,3.04,ID,1714867639
196,n'dalatando,-9.2978,14.9116,65.43,71,93,3.87,AO,1714867824
197,polyarnyy,69.1989,33.4478,24.49,95,100,10.67,RU,1714867825
198,cidreira,-30.1811,-50.2056,68.97,93,100,4.21,BR,1714867826
199,porto murtinho,-21.6989,-57.8825,81.46,49,99,3.04,BR,1714867827
200,chester,40.1254,-75.8749,49.62,96,100,10.36,US,1714867827
201,sao felix do xingu,-6.6447,-51.995,75.4,92,18,2.3,BR,1714867705
202,wangaratta,-36.3667,146.3333,61.47,69,25,3.33,AU,1714867829
203,bor,56.3567,44.0669,36.0,59,28,6.73,RU,1714867830
204,oriximina,-1.7656,-55.8661,78.71,93,69,3.29,BR,1714867830
205,vila velha,-20.3297,-40.2925,75.15,88,40,3.44,BR,1714867831
206,kupang,-10.1667,123.5833,86.58,84,20,6.91,ID,1714867832
207,fort mcmurray,56.7268,-111.381,53.89,42,93,2.71,CA,1714867709
208,al ghayzah,16.2079,52.176,83.26,81,25,7.9,YE,1714867604
209,rotonda west,26.8837,-82.2901,80.62,82,75,6.91,US,1714867836
210,hadibu,12.65,54.0333,84.42,79,65,2.68,YE,1714867836
211,papao,-17.75,-149.55,85.68,78,15,18.25,PF,1714867838
212,kattivakkam,13.2167,80.3167,88.11,83,2,16.62,IN,1714867839
213,udachny,66.4167,112.4,31.44,94,100,8.46,RU,1714867840
214,pago pago,-14.2781,-170.7025,81.32,85,100,17.85,AS,1714867840
215,arraial do cabo,-22.9661,-42.0278,75.87,87,0,23.51,BR,1714867831
216,lauro de freitas,-12.8944,-38.3272,84.22,74,40,8.05,BR,1714867569
217,kenai,60.5544,-151.2583,51.89,46,100,17.27,US,1714867843
218,santiago de cao,-7.9589,-79.2392,66.33,88,75,9.22,PE,1714867843
219,trenggalek,-8.05,111.7167,75.45,93,90,2.46,ID,1714867844
220,trail,49.0998,-117.7022,66.76,32,100,7.85,CA,1714867845
221,carutapera,-1.195,-46.02,77.72,95,100,11.92,BR,1714867846
222,rusera,25.75,86.0333,75.99,30,10,7.56,IN,1714867847
223,port isabel,26.0734,-97.2086,82.49,86,100,14.97,US,1714867632
224,chania,35.5122,24.0156,60.4,88,75,10.36,GR,1714867848
225,haiku-pauwela,20.9219,-156.3051,77.02,72,40,26.46,US,1714867849
226,port lincoln,-34.7333,135.8667,61.95,69,4,9.22,AU,1714867568
227,manokwari,-0.8667,134.0833,80.22,82,99,5.23,ID,1714867851
228,nizhnegorskiy,45.4479,34.7384,46.71,47,0,8.41,UA,1714867852
229,baganga,7.5739,126.56,83.7,73,55,5.55,PH,1714867853
230,pourham,14.35,-16.4167,76.87,36,0,5.3,SN,1714867853
231,olonkinbyen,70.9221,-8.7187,29.57,98,100,15.17,SJ,1714867854
232,khanty-mansiysk,61.0042,69.0019,33.91,93,75,11.18,RU,1714867855
233,puerto baquerizo moreno,-0.9,-89.6,75.09,87,75,7.9,EC,1714867856
234,abqaiq,25.9371,49.6776,78.75,57,0,5.23,SA,1714867857
235,kerouane,9.2667,-9.0167,79.05,64,71,5.1,GN,1714867857
236,constantia,44.1833,28.65,47.08,79,11,10.31,RO,1714867850
237,el calafate,-50.3408,-72.2768,32.54,73,58,7.94,AR,1714867859
238,sao joao da barra,-21.6403,-41.0511,76.86,87,0,11.5,BR,1714867649
239,greenville,35.6127,-77.3663,76.95,71,0,10.36,US,1714867861
240,grand falls-windsor,48.9332,-55.6649,35.51,85,17,1.99,CA,1714867862
241,antigonish,45.6169,-61.9986,40.35,86,12,1.99,CA,1714867863
242,arteche,12.2645,125.4048,84.29,66,91,4.92,PH,1714867864
243,merizo village,13.2658,144.6691,86.58,82,16,11.86,GU,1714867865
244,kingston,17.997,-76.7936,85.15,70,20,13.8,JM,1714867658
245,ryotsu-minato,38.0833,138.4333,71.13,44,55,4.83,JP,1714867866
246,gobabis,-22.45,18.9667,59.9,23,0,11.65,NA,1714867867
247,juneau,58.3019,-134.4197,60.8,77,100,9.22,US,1714867689
248,pandan,14.0453,124.1694,84.25,71,52,4.72,PH,1714867868
249,kill devil hills,36.0307,-75.676,71.6,84,40,11.5,US,1714867869
250,portel,-1.9356,-50.8211,76.68,97,78,3.13,BR,1714867870
251,dryden,49.7833,-92.7503,46.69,66,75,10.36,CA,1714867748
252,choibalsan,48.0667,114.5,48.67,47,0,6.71,MN,1714867871
253,kapoeta,4.7717,33.5903,75.7,71,98,5.97,SS,1714867872
254,ilomantsi,62.6716,30.9328,34.7,86,100,9.44,FI,1714867873
255,wuwei,37.9281,102.6414,63.01,21,3,3.83,CN,1714867874
256,queenstown,-31.8976,26.8753,56.26,50,6,1.57,ZA,1714867875
257,chadan,51.2833,91.5833,55.35,36,95,3.78,RU,1714867875
258,hasaki,35.7333,140.8333,73.8,69,6,16.96,JP,1714867876
259,matthew town,20.95,-73.6667,79.11,76,67,18.32,BS,1714867877
260,fort bragg,35.139,-79.006,69.94,94,100,3.44,US,1714867878
261,harnai,30.1005,67.9374,73.17,43,3,2.53,PK,1714867879
262,bakanas,44.8081,76.2772,66.38,46,62,2.42,KZ,1714867880
263,saurimo,-9.6608,20.3916,63.36,58,84,4.09,AO,1714867880
264,gbadolite,4.2833,21.0167,73.62,91,75,3.83,CD,1714867881
265,ushachy,55.1786,28.6035,48.38,92,48,6.17,BY,1714867882
266,harper,4.375,-7.7169,82.18,83,71,9.13,LR,1714867883
267,cannonvale,-20.2833,148.7,76.59,77,78,13.27,AU,1714867884
268,prineville,44.2999,-120.8345,45.12,90,100,12.66,US,1714867884
269,eforie sud,44.0229,28.6494,47.21,78,33,9.82,RO,1714867885
270,boende,-0.2167,20.8667,72.93,85,96,2.77,CD,1714867887
271,antsohihy,-14.8796,47.9875,75.15,67,12,11.52,MG,1714867887
272,canutama,-6.5339,-64.3831,81.48,78,94,0.4,BR,1714867888
273,lerwick,60.1545,-1.1494,48.2,98,100,16.13,GB,1714867889
274,daru,-9.0763,143.2092,80.87,90,100,17.98,PG,1714867890
275,arafat,21.3594,39.9664,81.03,47,0,0.31,SA,1714867890
276,klyuchi,52.2667,79.1667,51.39,72,100,4.03,RU,1714867891
277,richards bay,-28.783,32.0377,69.62,74,0,14.83,ZA,1714867892
278,quang ngai,15.1167,108.8,84.0,60,96,3.96,VN,1714867605
279,lys'va,58.1086,57.8053,24.44,79,21,5.3,RU,1714867893
280,talnakh,69.4865,88.3972,1.2,95,90,6.64,RU,1714867894
281,glendive,47.1053,-104.7125,60.17,30,0,5.75,US,1714867817
282,kruisfontein,-34.0033,24.7314,61.88,73,54,5.97,ZA,1714867896
283,mukalla,14.5425,49.1242,83.91,74,2,6.11,YE,1714867896
284,namibe,-15.1961,12.1522,74.19,65,0,6.17,AO,1714867897
285,tulun,54.5611,100.5792,50.02,67,4,6.6,RU,1714867898
286,graaff-reinet,-32.2522,24.5308,61.16,60,20,3.91,ZA,1714867900
287,barra dos coqueiros,-10.9089,-37.0386,82.42,78,40,11.5,BR,1714867900
288,cushing,35.9851,-96.767,68.4,68,100,5.75,US,1714867901
289,rudnya,54.947,31.0934,48.79,78,75,9.46,RU,1714867902
290,sur,22.5667,59.5289,87.19,60,0,12.64,OM,1714867903
291,kone,-21.0595,164.8658,79.61,53,80,1.88,NC,1714867903
292,qa'en,33.7265,59.1844,60.8,44,6,2.91,IR,1714867904
293,khonsa,27.0167,95.5667,72.19,63,92,3.42,IN,1714867905
294,charters towers,-20.1,146.2667,76.48,59,79,6.46,AU,1714867906
295,daulatpur,26.5015,67.9706,84.34,38,0,7.4,PK,1714867907
296,cabedelo,-6.9811,-34.8339,77.67,85,100,10.65,BR,1714867907
297,leh,34.1667,77.5833,27.39,86,88,0.98,IN,1714867908
298,bel ombre,-4.6167,55.4167,83.07,78,99,8.63,SC,1714867909
299,remire-montjoly,4.9167,-52.2667,80.64,94,20,0.0,GF,1714867910
300,zaraza,9.3503,-65.3245,83.71,65,96,8.39,VE,1714867910
301,dunedin,-45.8742,170.5036,53.8,68,73,1.99,NZ,1714867911
302,suicheng,33.8963,117.9331,55.89,95,100,5.14,CN,1714867912
303,savastepe,39.3832,27.6561,49.66,90,82,4.72,TR,1714867913
304,fairfield glade,36.0004,-84.8863,66.7,97,100,4.61,US,1714867914
305,salalah,17.0151,54.0924,82.49,89,20,1.14,OM,1714867915
306,kavaratti,10.5669,72.642,84.43,69,72,7.2,IN,1714867915
307,fortuna,40.5982,-124.1573,50.34,89,99,4.0,US,1714867916
308,la ronge,55.1001,-105.2842,43.05,57,100,8.57,CA,1714867917
309,tazovsky,67.4667,78.7,13.96,92,76,13.0,RU,1714867918
310,abadan,30.3392,48.3043,78.71,55,0,10.58,IR,1714867919
311,rio grande,-32.035,-52.0986,67.95,95,82,12.8,BR,1714867747
312,santa isabel,-23.3156,-46.2214,69.1,72,3,0.94,BR,1714867920
313,tikrit,34.6071,43.6782,74.25,35,0,10.63,IQ,1714867921
314,saipan,15.1355,145.701,88.5,66,40,11.5,MP,1714867922
315,mulayjah,27.271,48.4242,78.1,46,0,5.01,SA,1714867923
316,eagle mountain,40.3141,-112.0069,72.7,25,55,11.01,US,1714867924
317,jamestown,42.097,-79.2353,60.39,80,100,14.97,US,1714867913
318,antofagasta,-23.65,-70.4,59.97,90,32,2.59,CL,1714867764
319,saint-pierre,-21.3393,55.4781,73.08,73,40,14.97,RE,1714867926
320,laguna,38.421,-121.4238,59.29,71,100,17.27,US,1714867927
321,praia da vitoria,38.7333,-27.0667,60.31,88,16,6.31,PT,1714867928
322,corner brook,48.9667,-57.9484,38.5,83,11,4.5,CA,1714867929
323,kani keli,-12.9536,45.1033,81.66,71,85,6.98,YT,1714867930
324,turpan,42.9333,89.1667,78.33,11,69,5.08,CN,1714867930
325,brookings,44.3114,-96.7984,60.19,48,0,6.91,US,1714867717
326,holualoa,19.6228,-155.9522,78.64,74,75,11.5,US,1714867932
327,mocimboa,-11.3167,40.35,75.13,90,100,10.6,MZ,1714867933
328,ribadesella,43.4614,-5.0596,57.94,87,81,4.61,ES,1714867934
329,nguigmi,14.2495,13.1092,88.79,16,1,10.4,NE,1714867935
330,port augusta,-32.5,137.7667,63.79,53,2,5.95,AU,1714867935
331,masjed soleyman,31.9364,49.3039,75.25,40,0,0.56,IR,1714867936
332,al harithah,30.7186,47.7208,80.01,36,0,2.84,IQ,1714867937
333,dudinka,69.4058,86.1778,1.67,98,88,5.99,RU,1714867938
334,punta arenas,-53.15,-70.9167,39.11,55,100,22.82,CL,1714867859
335,puerto aysen,-45.4,-72.7,34.74,98,79,4.85,CL,1714867940
336,ulsteinvik,62.3432,5.8487,53.76,74,92,1.99,NO,1714867940
337,castillos,-34.1667,-53.8333,61.77,96,84,6.69,UY,1714867941
338,ust-tsilma,65.441,52.1498,12.61,98,99,1.99,RU,1714867943
339,anavyssos,37.7333,23.95,63.18,63,66,14.07,GR,1714867944
340,iskushuban,10.2837,50.23,83.14,68,73,6.64,SO,1714867944
341,mokhsogollokh,61.4681,128.9203,39.22,71,56,2.26,RU,1714867940
342,mantua,45.1667,10.7833,56.98,90,100,1.99,IT,1714867946
343,vorgashor,67.5833,63.95,1.62,99,99,3.91,RU,1714867947
344,dongobesh,-4.0667,35.3833,55.69,93,100,0.27,TZ,1714867948
345,mammoth lakes,37.6485,-118.9721,38.26,90,100,14.97,US,1714867949
346,aqadyr,48.2553,72.8483,53.87,54,100,12.08,KZ,1714867949
347,susuman,62.7833,148.1667,25.99,85,41,1.99,RU,1714867950
348,masterton,-40.9597,175.6575,59.88,53,0,1.77,NZ,1714867951
349,lethem,3.3803,-59.7968,78.78,91,100,6.08,GY,1714867952
350,shalqar,47.8333,59.6,44.29,42,100,12.03,KZ,1714867953
351,narrabri,-30.3167,149.7833,60.53,96,39,3.0,AU,1714867954
352,baqubah,33.7485,44.6554,74.57,36,1,11.77,IQ,1714867954
353,wijhe,52.3867,6.1347,52.07,93,100,1.01,NL,1714867955
354,moranbah,-22.0016,148.0466,73.83,68,81,15.01,AU,1714867956
355,nyala,12.05,24.8833,80.04,13,68,11.34,SD,1714867957
356,borodulikha,50.7184,80.9295,57.49,53,99,8.03,KZ,1714867959
357,zakamensk,50.3741,103.2863,48.38,75,41,1.9,RU,1714867960
358,nouadhibou,20.931,-17.0347,64.11,84,0,20.74,MR,1714867961
359,eden,36.4885,-79.7667,61.95,100,100,4.61,US,1714867962
360,attock city,33.7731,72.3741,68.4,59,3,4.83,PK,1714867963
361,enterprise,36.0252,-115.2419,82.69,19,100,26.46,US,1714867909
362,port saint john's,-31.6229,29.5448,71.56,84,35,14.23,ZA,1714867964
363,puerto lempira,15.2667,-83.7667,82.04,68,10,11.05,HN,1714867965
364,lorengau,-2.0226,147.2712,84.33,81,97,5.53,PG,1714867966
365,gadzhiyevo,69.2551,33.3362,23.38,95,100,9.93,RU,1714867967
366,egilsstadir,65.2653,-14.3948,48.74,94,73,5.03,IS,1714867968
367,ciudad rio bravo,25.9833,-98.1,86.05,61,75,11.5,MX,1714867968
368,jakobstad,63.6749,22.7026,37.04,80,100,11.65,FI,1714867969
369,karratha,-20.7377,116.8463,75.11,24,0,10.54,AU,1714867970
370,hamilton,39.1834,-84.5333,75.15,87,0,0.0,US,1714867740
371,fada,9.5667,8.3,72.9,84,83,1.57,NG,1714867972
372,whitehorse,60.7161,-135.0538,55.31,30,100,24.0,CA,1714867973
373,beloyarskiy,63.7119,66.6722,23.0,95,100,11.99,RU,1714867974
374,aral,40.5156,81.2636,63.97,90,10,0.58,CN,1714867974
375,houghton,47.1219,-88.569,49.48,94,100,10.36,US,1714867975
376,kegeyli shahar,42.7767,59.6078,53.69,82,100,11.1,UZ,1714867976
377,puli,23.9664,120.9695,80.22,83,100,1.01,TW,1714867977
378,baruun-urt,46.6806,113.2792,49.42,37,5,10.76,MN,1714867978
379,bom jesus,-9.0744,-44.3586,76.98,44,11,3.74,BR,1714867978
380,itatiba,-23.0058,-46.8389,73.92,65,2,3.58,BR,1714867895
381,arkhangel'sk,64.5401,40.5433,30.13,93,100,6.71,RU,1714867980
382,kharabali,47.4196,47.2568,44.89,41,87,12.66,RU,1714867980
383,ust'-talovka,50.5493,81.85,56.55,63,89,4.85,KZ,1714867981
384,colonia,50.9333,6.95,53.96,92,75,3.44,DE,1714867714
385,la'ie,21.6477,-157.9253,80.56,71,92,22.59,US,1714867983
386,pohang,36.0322,129.365,63.34,85,100,4.94,KR,1714867761
387,santa rosa,14.3122,121.1114,90.1,69,46,12.19,PH,1714867984
388,eureka,40.8021,-124.1637,51.75,90,99,4.0,US,1714867985
389,chahal guatemala,15.75,-89.5667,84.52,47,1,6.44,GT,1714867986
390,chul'man,56.8479,124.9104,33.28,83,68,1.99,RU,1714867986
391,hobyo,5.3505,48.5268,84.4,76,100,13.89,SO,1714867987
392,east ballina,-28.8667,153.5833,64.8,81,17,6.8,AU,1714867988
393,alo,7.4178,6.7371,80.8,81,87,4.18,NG,1714867989
394,slave lake,55.2834,-114.769,54.57,36,53,7.36,CA,1714867989
395,ormara,25.2088,64.6357,80.58,83,0,15.12,PK,1714867990
396,coquimbo,-29.9533,-71.3436,59.22,64,98,4.72,CL,1714867991
397,mount gambier,-37.8333,140.7667,58.78,78,96,4.63,AU,1714867992
398,north las vegas,36.1989,-115.1175,85.17,18,0,21.85,US,1714867912
399,tarija,-21.5355,-64.7296,64.31,36,0,4.61,BO,1714867753
400,celestun,20.8667,-90.4,83.62,65,0,19.37,MX,1714867994
401,gillette,44.2911,-105.5022,61.72,27,0,15.01,US,1714867995
402,eraan,9.0629,117.7016,86.29,61,100,2.68,PH,1714867996
403,guatire,10.4762,-66.5427,75.25,96,100,0.29,VE,1714867996
404,"laikit, laikit ii (dimembe)",1.4792,124.9735,79.65,78,20,1.14,ID,1714867997
405,ola,59.5833,151.2833,38.14,88,92,3.27,RU,1714867998
406,oulu,65.0124,25.4682,33.91,63,0,4.61,FI,1714867999
407,mar del plata,-38.0023,-57.5575,59.09,89,0,3.0,AR,1714867930
408,bembereke,10.2283,2.6634,85.8,54,83,8.48,BJ,1714868000
409,alofi,-19.0595,-169.9187,85.89,79,75,6.91,NU,1714868001
410,alupka,44.4167,34.05,48.45,65,17,12.39,UA,1714868002
411,ust'-ordynskiy,52.805,104.7508,44.33,68,40,2.89,RU,1714868003
412,kyabe,9.4515,18.9449,85.96,17,21,0.94,TD,1714868004
413,chakradharpur,22.7,85.6333,79.34,13,20,2.53,IN,1714868004
414,santo antonio,-6.3106,-35.4789,75.27,93,95,7.11,BR,1714868005
415,phultala,22.7,89.5167,84.15,79,67,5.46,BD,1714868006
416,chonchi,-42.6128,-73.8092,39.11,97,100,2.93,CL,1714868007
417,axim,4.8699,-2.2405,82.13,85,17,7.43,GH,1714868008
418,beau vallon,-20.4189,57.6953,71.22,74,45,18.37,MU,1714868008
419,qarazhal,48.0078,70.7903,56.17,50,100,13.73,KZ,1714868009
420,napili-honokowai,20.9708,-156.6705,79.72,81,80,19.82,US,1714868010
421,jayapura,-2.5333,140.7,79.99,80,100,0.96,ID,1714868011
422,kununurra,-15.7667,128.7333,80.58,44,67,10.36,AU,1714868011
423,mercedes,-34.6515,-59.4307,61.65,96,3,7.87,AR,1714867929
424,cruzeiro do sul,-29.5128,-51.9853,72.09,95,100,2.84,BR,1714867785
425,ancud,-41.8697,-73.8203,43.48,87,90,13.44,CL,1714868014
426,yelizovo,53.1873,158.3805,39.34,75,75,4.47,RU,1714868014
427,gaspe,48.8334,-64.4819,37.72,73,100,3.18,CA,1714868015
428,mount pearl,47.5166,-52.7813,36.14,94,100,13.8,CA,1714867828
429,kapuskasing,49.4169,-82.4331,57.9,74,100,4.29,CA,1714868017
430,kashmar,35.2383,58.4656,62.13,46,0,2.66,IR,1714868018
431,akjoujt,19.6969,-14.4164,81.97,15,1,10.49,MR,1714868018
432,hagi,34.4,131.4167,67.86,68,82,29.17,JP,1714868019
433,hakui,36.8833,136.7833,78.69,54,52,2.75,JP,1714868020
434,ulaangom,49.9811,92.0667,55.24,32,45,1.54,MN,1714868022
435,kapsabet,0.2039,35.105,55.22,95,99,2.21,KE,1714868023
436,yurty,56.0498,97.6348,46.76,83,66,0.38,RU,1714868023
437,crane,31.3974,-102.3501,71.22,80,83,1.32,US,1714868024
438,rongelap,11.1635,166.8941,81.28,77,86,15.43,MH,1714868025
439,clorinda,-25.2848,-57.7185,70.21,97,49,4.7,AR,1714868026
440,ventspils,57.3894,21.5606,39.13,100,44,0.0,LV,1714868027
441,tezu,27.9167,96.1667,72.66,54,100,7.63,IN,1714868027
442,tazacorte,28.629,-17.9293,65.37,72,0,10.36,ES,1714868028
443,angaur state,6.906,134.13,83.34,69,85,17.74,PW,1714868030
444,howrah,22.5892,88.3103,86.0,84,75,6.91,IN,1714868030
445,bardai,11.65,7.2333,79.56,58,24,9.28,NG,1714868031
446,huarmey,-10.0681,-78.1522,69.22,84,27,8.55,PE,1714868032
447,grottammare,42.9888,13.8649,59.22,83,28,5.37,IT,1714868033
448,sal rei,16.1833,-22.9167,73.54,73,0,16.91,CV,1714868034
449,monrovia,6.3005,-10.7969,81.81,87,100,6.38,LR,1714868035
450,copiapo,-27.3667,-70.3333,63.79,43,3,1.03,CL,1714867912
451,tual,-5.6667,132.75,80.87,89,100,20.47,ID,1714868037
452,palikir - national government center,6.9248,158.1611,84.94,79,100,6.91,FM,1714868037
453,kargopol',61.5071,38.9456,32.36,97,100,7.74,RU,1714868038
454,xilin hot,43.9667,116.0333,54.99,34,99,15.1,CN,1714868039
455,swift current,50.2834,-107.8014,55.18,35,97,5.7,CA,1714868040
456,el granada,37.5027,-122.4694,57.09,79,75,18.41,US,1714868040
457,flying fish cove,-10.4217,105.6791,80.28,83,100,12.66,CX,1714868041
458,kourou,5.1552,-52.6478,80.65,94,100,7.96,GF,1714868042
459,meadow lakes,61.6247,-149.6011,55.42,42,100,11.5,US,1714868043
460,akureyri,65.6835,-18.0878,43.93,92,97,0.6,IS,1714868044
461,keflavik,64.0049,-22.5624,37.83,93,100,14.97,IS,1714868045
462,vitoria,-20.3194,-40.3378,75.06,88,40,3.44,BR,1714867775
463,brisas de zicatela,15.8369,-97.0419,84.22,66,4,9.84,MX,1714868047
464,nambour,-26.6333,152.95,69.85,97,92,1.88,AU,1714868047
465,chernyshevskiy,63.0128,112.4714,32.22,86,100,5.44,RU,1714868048
466,chilliwack,49.1747,-121.9443,69.98,38,100,8.01,CA,1714868049
467,baoro,5.6667,15.9667,73.22,62,47,2.24,CF,1714868050
468,cockburn town,21.4612,-71.1419,79.09,77,36,16.8,TC,1714867988
469,manhattan,40.7834,-73.9662,55.81,71,75,9.22,US,1714868051
470,hirara,24.8,125.2833,79.81,84,38,18.01,JP,1714867903
471,okhotsk,59.3833,143.3,37.49,76,75,4.79,RU,1714868053
472,es castell,39.8795,4.2854,59.68,100,0,9.22,ES,1714868053
473,sao jose da coroa grande,-8.8978,-35.1478,80.06,85,93,10.69,BR,1714868054
474,ko samui,9.5357,99.9357,85.73,75,98,7.27,TH,1714867950
475,porto seguro,-16.4497,-39.0647,79.7,76,9,8.84,BR,1714868056
476,demopolis,32.5176,-87.8364,82.35,57,0,3.44,US,1714868057
477,morton,46.7722,-101.2615,60.44,40,67,4.7,US,1714867980
478,floridia,37.0869,15.1519,59.38,54,16,4.25,IT,1714868058
479,holma,9.9008,13.0567,85.57,45,100,2.37,NG,1714868059
480,nahiyat ash shinafiyah,31.5874,44.6602,78.49,23,0,5.95,IQ,1714868060
481,chui,-33.6971,-53.4616,65.07,93,88,11.61,UY,1714868061
482,urengoy,65.9667,78.3667,23.09,87,100,16.6,RU,1714868061
483,raduzhny,62.0961,77.475,28.51,95,100,17.72,RU,1714868062
484,basco,20.4487,121.9702,83.98,79,94,16.82,PH,1714868063
485,san matias,-16.3667,-58.4,79.54,47,50,4.23,BO,1714868064
486,nadym,65.5333,72.5167,24.96,80,100,18.05,RU,1714868064
487,krutinka,56.0055,71.5113,32.38,81,48,19.3,RU,1714868065
488,cuyo,10.8525,121.0086,84.45,74,100,18.9,PH,1714868066
489,broken hill,-31.95,141.4333,57.07,76,42,15.88,AU,1714868067
490,constitucion,-35.3333,-72.4167,52.25,83,100,2.53,CL,1714868068
491,zaozersk,69.4005,32.4476,19.33,98,97,5.1,RU,1714868068
492,marquette,46.5333,-87.6335,51.24,84,100,8.01,US,1714868069
493,timbuktu,16.7735,-3.0074,91.06,11,2,13.11,ML,1714868070
494,berlin,52.5244,13.4105,62.17,84,40,10.0,DE,1714867802
495,motala,58.5371,15.0365,55.13,97,100,5.28,SE,1714868071
496,rosarito,32.3333,-117.0333,65.91,75,55,8.9,MX,1714868072
497,swakopmund,-22.6833,14.5333,57.97,86,0,3.0,NA,1714868073
498,arno,60.1167,18.6333,42.78,82,49,6.69,SE,1714868074
499,morondava,-20.2833,44.2833,74.77,63,0,9.51,MG,1714868074
500,freetown,8.484,-13.2299,81.41,86,100,4.03,SL,1714868075
501,robbah,33.2797,6.9098,77.76,25,0,9.62,DZ,1714868076
502,itaituba,-4.2761,-55.9836,76.86,98,100,1.16,BR,1714868077
503,sultanah,24.4926,39.5857,84.65,21,0,4.61,SA,1714868077
504,selfoss,63.9331,-20.9971,37.04,71,9,5.91,IS,1714868078
505,bikenibeu village,1.3673,173.1241,84.15,77,99,12.21,KI,1714868079
506,molchanovo,57.5817,83.7692,42.04,93,98,8.23,RU,1714868080
507,tarko-sale,64.9225,77.785,25.56,86,100,21.32,RU,1714868080
508,vung tau,10.346,107.0843,84.45,71,100,7.87,VN,1714868081
509,maysville,38.6412,-83.7444,73.49,88,100,0.0,US,1714868083
510,khandyga,62.6667,135.6,34.72,96,100,1.74,RU,1714868084
511,menongue,-14.6585,17.691,56.16,54,22,4.76,AO,1714868084
512,liaozhong,41.5061,122.7242,60.48,42,100,8.99,CN,1714868085
513,taksimo,56.3444,114.8794,47.98,51,10,2.01,RU,1714868086
514,pontes e lacerda,-15.2261,-59.3353,75.58,61,86,1.92,BR,1714868050
515,pitimbu,-7.4706,-34.8086,77.59,83,99,11.14,BR,1714868088
516,zhongshu,24.5167,103.7667,59.47,67,70,3.24,CN,1714868089
517,el triunfo,-1.9333,-79.9667,87.84,81,59,0.83,EC,1714868090
518,kunnattur,12.35,78.5167,83.55,56,43,3.0,IN,1714868090
519,souillac,-20.5167,57.5167,70.34,77,41,17.45,MU,1714868091
520,jamiltepec,16.2833,-97.8167,85.37,38,1,5.23,MX,1714868092
521,sarmiento,-45.5882,-69.07,43.16,48,45,19.39,AR,1714868093
522,conception bay south,47.4999,-52.9981,36.73,93,57,13.6,CA,1714868094
523,genhe,50.7833,121.5167,42.33,54,66,4.61,CN,1714868094
524,nishinoomote,30.7333,131.0,72.16,73,75,18.41,JP,1714868095
525,corredor,8.64,-82.946,80.74,96,98,1.57,CR,1714868096
526,zahedan,29.4963,60.8629,67.05,58,0,4.97,IR,1714868097
527,taulaga,-11.0553,-171.0883,83.17,77,100,5.12,AS,1714868097
528,mount isa,-20.7333,139.5,73.17,40,35,11.5,AU,1714868098
529,iwaki,37.05,140.8833,83.77,44,14,7.96,JP,1714868099
530,tomaszow mazowiecki,51.5313,20.0086,59.56,62,94,6.11,PL,1714867913
531,jodhpur,26.2867,73.03,79.38,20,0,10.78,IN,1714868100
532,warman,52.3168,-106.5679,49.89,57,82,2.93,CA,1714868101
533,pemangkat,1.1667,108.9667,79.5,88,100,5.03,ID,1714868102
534,viedma,-40.8135,-62.9967,54.86,27,2,9.42,AR,1714868046
535,piton saint-leu,-21.2196,55.3151,69.91,73,40,14.97,RE,1714868104
536,bani suwayf,29.0744,31.0979,70.83,44,83,8.39,EG,1714868104
537,red hill,33.9996,-79.2581,73.99,24,100,8.68,US,1714868105
538,smithers,54.7804,-127.1743,57.88,59,88,5.57,CA,1714868106
539,buenaventura,3.8801,-77.0312,76.46,95,100,0.81,CO,1714868107
540,northam,51.0333,-4.2167,48.61,82,87,8.59,GB,1714868107
541,belyy yar,53.6039,91.3903,51.69,93,0,6.71,RU,1714868108
542,port douglas,-16.4833,145.4667,77.54,76,100,6.6,AU,1714868109
543,toliara,-23.35,43.6667,71.51,66,0,10.74,MG,1714868110
544,gornyy,55.1153,83.9059,50.2,92,100,12.88,RU,1714868110
545,orapa,-21.2833,25.3667,60.69,65,0,8.1,BW,1714868111
546,marka,1.7159,44.7717,82.13,81,100,13.35,SO,1714868112
547,mounana,-1.4085,13.1586,72.81,94,74,2.39,GA,1714868113
548,berdigestyakh,62.0989,126.6992,33.8,99,66,3.67,RU,1714868114
549,petrolina,-9.3986,-40.5008,80.65,69,40,6.91,BR,1714867864
550,tanque verde,32.2517,-110.7373,90.32,10,0,10.36,US,1714868115
551,ambon,-3.6954,128.1814,80.74,89,40,4.61,ID,1714868116
552,nova vicosa,-17.8919,-39.3719,77.94,81,5,6.62,BR,1714868118
553,floro,61.5996,5.0328,51.87,100,20,6.91,NO,1714868119
